{
    "LoungeResource":{
       "Lounges":{
          "Lounge":[
             {
                "Names":{
                   "Name":{
                      "@LanguageCode":"en",
                      "$":"Lufthansa Senator Lounge"
                   }
                },
                "AirportCode":"FRA",
                "CityCode":"FRA",
                "Locations":{
                   "Location":{
                      "@LanguageCode":"en",
                      "$":"Terminal 1, Departure area C (NonSchengen), near gates C14/C15"
                   }
                },
                "OpeningHours":{
                   "OpeningHours":{
                      "@LanguageCode":"en",
                      "$":"5:00 am - 10:00 pm"
                   }
                },
                "Features":{
                   "NonSmokingLounge":false,
                   "Restrooms":false,
                   "ShowerFacilities":true,
                   "RelaxingRooms":false,
                   "MeetingRooms":false,
                   "OfficeUnits":true,
                   "CopyMachine":true,
                   "FaxMachine":false,
                   "MAMPrinter":false,
                   "CreditCardTelephone":false,
                   "FreeLocalTelephoneCalls":false,
                   "PCWithInternetAccess":false,
                   "DataPortForLaptops":false,
                   "WLANFacility":true,
                   "TV":true
                },
                "MagazinesAndNews":{
                   "German":false,
                   "International":false,
                   "Local":false
                }
             },
             {
                "Names":{
                   "Name":{
                      "@LanguageCode":"en",
                      "$":"Lufthansa Business Class Lounge"
                   }
                },
                "AirportCode":"FRA",
                "CityCode":"FRA",
                "Locations":{
                   "Location":{
                      "@LanguageCode":"en",
                      "$":"Terminal 1, Concourse C (NonSchengen), Departure level, above gates C14 and C15"
                   }
                },
                "OpeningHours":{
                   "OpeningHours":{
                      "@LanguageCode":"en",
                      "$":"5:00 am - 10:00 pm"
                   }
                },
                "Features":{
                   "NonSmokingLounge":false,
                   "Restrooms":false,
                   "ShowerFacilities":false,
                   "RelaxingRooms":false,
                   "MeetingRooms":false,
                   "OfficeUnits":false,
                   "CopyMachine":true,
                   "FaxMachine":false,
                   "MAMPrinter":false,
                   "CreditCardTelephone":false,
                   "FreeLocalTelephoneCalls":false,
                   "PCWithInternetAccess":false,
                   "DataPortForLaptops":false,
                   "WLANFacility":true,
                   "TV":true
                },
                "MagazinesAndNews":{
                   "German":false,
                   "International":false,
                   "Local":false
                }
             },
             {
                "Names":{
                   "Name":{
                      "@LanguageCode":"en",
                      "$":"Lufthansa Business Class Lounge"
                   }
                },
                "AirportCode":"FRA",
                "CityCode":"FRA",
                "Locations":{
                   "Location":{
                      "@LanguageCode":"en",
                      "$":"Terminal 1, Departure area B (NonSchengen), near gates B24B28"
                   }
                },
                "OpeningHours":{
                   "OpeningHours":{
                      "@LanguageCode":"en",
                      "$":"5:00 am - 10:00 pm"
                   }
                },
                "Features":{
                   "NonSmokingLounge":false,
                   "Restrooms":false,
                   "ShowerFacilities":true,
                   "RelaxingRooms":false,
                   "MeetingRooms":false,
                   "OfficeUnits":true,
                   "CopyMachine":true,
                   "FaxMachine":false,
                   "MAMPrinter":false,
                   "CreditCardTelephone":false,
                   "FreeLocalTelephoneCalls":false,
                   "PCWithInternetAccess":false,
                   "DataPortForLaptops":false,
                   "WLANFacility":true,
                   "TV":true
                },
                "MagazinesAndNews":{
                   "German":false,
                   "International":false,
                   "Local":false
                }
             },
             {
                "Names":{
                   "Name":{
                      "@LanguageCode":"en",
                      "$":"Lufthansa Senator Lounge"
                   }
                },
                "AirportCode":"FRA",
                "CityCode":"FRA",
                "Locations":{
                   "Location":{
                      "@LanguageCode":"en",
                      "$":"Terminal 1, Departure area A (Schengen)  opposite to Duty Free Shop, in direction of gate A50"
                   }
                },
                "Features":{
                   "NonSmokingLounge":false,
                   "Restrooms":false,
                   "ShowerFacilities":true,
                   "RelaxingRooms":false,
                   "MeetingRooms":false,
                   "OfficeUnits":true,
                   "CopyMachine":true,
                   "FaxMachine":false,
                   "MAMPrinter":false,
                   "CreditCardTelephone":false,
                   "FreeLocalTelephoneCalls":false,
                   "PCWithInternetAccess":false,
                   "DataPortForLaptops":false,
                   "WLANFacility":true,
                   "TV":true
                },
                "MagazinesAndNews":{
                   "German":false,
                   "International":false,
                   "Local":false
                }
             },
             {
                "AirportCode":"FRA",
                "CityCode":"FRA",
                "Locations":{
                   "Location":{
                      "@LanguageCode":"en",
                      "$":"Terminal 1, Arrival level  immediately behind the baggage claim area B (public area)"
                   }
                },
                "Features":{
                   "NonSmokingLounge":false,
                   "Restrooms":false,
                   "ShowerFacilities":true,
                   "RelaxingRooms":false,
                   "MeetingRooms":false,
                   "OfficeUnits":true,
                   "CopyMachine":true,
                   "FaxMachine":false,
                   "MAMPrinter":false,
                   "CreditCardTelephone":false,
                   "FreeLocalTelephoneCalls":false,
                   "PCWithInternetAccess":false,
                   "DataPortForLaptops":false,
                   "WLANFacility":false,
                   "TV":true
                },
                "MagazinesAndNews":{
                   "German":false,
                   "International":false,
                   "Local":false
                }
             },
             {
                "Names":{
                   "Name":{
                      "@LanguageCode":"en",
                      "$":"Lufthansa Business Class Lounge"
                   }
                },
                "AirportCode":"FRA",
                "CityCode":"FRA",
                "Locations":{
                   "Location":{
                      "@LanguageCode":"en",
                      "$":"Terminal 1, Departure area B (NonSchengen), near gates B44B48"
                   }
                },
                "OpeningHours":{
                   "OpeningHours":{
                      "@LanguageCode":"en",
                      "$":"5:00 am - 10:00 pm"
                   }
                },
                "Features":{
                   "NonSmokingLounge":false,
                   "Restrooms":false,
                   "ShowerFacilities":true,
                   "RelaxingRooms":false,
                   "MeetingRooms":false,
                   "OfficeUnits":true,
                   "CopyMachine":true,
                   "FaxMachine":false,
                   "MAMPrinter":false,
                   "CreditCardTelephone":false,
                   "FreeLocalTelephoneCalls":false,
                   "PCWithInternetAccess":false,
                   "DataPortForLaptops":false,
                   "WLANFacility":true,
                   "TV":true
                },
                "MagazinesAndNews":{
                   "German":false,
                   "International":false,
                   "Local":false
                }
             },
             {
                "Names":{
                   "Name":{
                      "@LanguageCode":"en",
                      "$":"Lufthansa Business Class Lounge"
                   }
                },
                "AirportCode":"FRA",
                "CityCode":"FRA",
                "Locations":{
                   "Location":{
                      "@LanguageCode":"en",
                      "$":"Terminal 1, Departure area Z (NonSchengen)  opposite to Duty Free Shop, in direction of gate Z50"
                   }
                },
                "OpeningHours":{
                   "OpeningHours":{
                      "@LanguageCode":"en",
                      "$":"5:00 am - 10:00 pm"
                   }
                },
                "Features":{
                   "NonSmokingLounge":false,
                   "Restrooms":false,
                   "ShowerFacilities":true,
                   "RelaxingRooms":false,
                   "MeetingRooms":false,
                   "OfficeUnits":true,
                   "CopyMachine":true,
                   "FaxMachine":false,
                   "MAMPrinter":false,
                   "CreditCardTelephone":false,
                   "FreeLocalTelephoneCalls":false,
                   "PCWithInternetAccess":false,
                   "DataPortForLaptops":false,
                   "WLANFacility":true,
                   "TV":true
                },
                "MagazinesAndNews":{
                   "German":false,
                   "International":false,
                   "Local":false
                }
             },
             {
                "Names":{
                   "Name":{
                      "@LanguageCode":"en",
                      "$":"Lufthansa Business Class Lounge"
                   }
                },
                "AirportCode":"FRA",
                "CityCode":"FRA",
                "Locations":{
                   "Location":{
                      "@LanguageCode":"en",
                      "$":"Terminal 1, Departure area A (Schengen)  opposite to Duty Free Shop, Next to gate A13"
                   }
                },
                "OpeningHours":{
                   "OpeningHours":{
                      "@LanguageCode":"en",
                      "$":"5:00 am - 10:00 pm"
                   }
                },
                "Features":{
                   "NonSmokingLounge":false,
                   "Restrooms":false,
                   "ShowerFacilities":false,
                   "RelaxingRooms":false,
                   "MeetingRooms":false,
                   "OfficeUnits":true,
                   "CopyMachine":true,
                   "FaxMachine":false,
                   "MAMPrinter":false,
                   "CreditCardTelephone":false,
                   "FreeLocalTelephoneCalls":false,
                   "PCWithInternetAccess":false,
                   "DataPortForLaptops":false,
                   "WLANFacility":true,
                   "TV":true
                },
                "MagazinesAndNews":{
                   "German":false,
                   "International":false,
                   "Local":false
                }
             },
             {
                "Names":{
                   "Name":{
                      "@LanguageCode":"en",
                      "$":"Lufthansa Business Class Lounge"
                   }
                },
                "AirportCode":"FRA",
                "CityCode":"FRA",
                "Locations":{
                   "Location":{
                      "@LanguageCode":"en",
                      "$":"Terminal 1, Departure area A (Schengen), One level up at gate A26"
                   }
                },
                "OpeningHours":{
                   "OpeningHours":{
                      "@LanguageCode":"en",
                      "$":"5:00 am - 10:00 pm"
                   }
                },
                "Features":{
                   "NonSmokingLounge":false,
                   "Restrooms":false,
                   "ShowerFacilities":true,
                   "RelaxingRooms":false,
                   "MeetingRooms":false,
                   "OfficeUnits":false,
                   "CopyMachine":true,
                   "FaxMachine":false,
                   "MAMPrinter":false,
                   "CreditCardTelephone":false,
                   "FreeLocalTelephoneCalls":false,
                   "PCWithInternetAccess":false,
                   "DataPortForLaptops":false,
                   "WLANFacility":true,
                   "TV":true
                },
                "MagazinesAndNews":{
                   "German":false,
                   "International":false,
                   "Local":false
                }
             },
             {
                "Names":{
                   "Name":{
                      "@LanguageCode":"en",
                      "$":"Lufthansa First Class Lounge"
                   }
                },
                "AirportCode":"FRA",
                "CityCode":"FRA",
                "Locations":{
                   "Location":{
                      "@LanguageCode":"en",
                      "$":"Terminal 1, Departure area A (Schengen)  opposite to Duty Free Shop, next to gate A13"
                   }
                },
                "OpeningHours":{
                   "OpeningHours":{
                      "@LanguageCode":"fr",
                      "$":"07:00-22:30"
                   }
                },
                "Features":{
                   "NonSmokingLounge":false,
                   "Restrooms":false,
                   "ShowerFacilities":true,
                   "RelaxingRooms":false,
                   "MeetingRooms":false,
                   "OfficeUnits":true,
                   "CopyMachine":true,
                   "FaxMachine":false,
                   "MAMPrinter":false,
                   "CreditCardTelephone":false,
                   "FreeLocalTelephoneCalls":false,
                   "PCWithInternetAccess":false,
                   "DataPortForLaptops":false,
                   "WLANFacility":true,
                   "TV":true
                },
                "MagazinesAndNews":{
                   "German":false,
                   "International":false,
                   "Local":false
                }
             },
             {
                "Names":{
                   "Name":{
                      "@LanguageCode":"en",
                      "$":"Lufthansa First Class Lounge"
                   }
                },
                "AirportCode":"FRA",
                "CityCode":"FRA",
                "Locations":{
                   "Location":{
                      "@LanguageCode":"en",
                      "$":"Terminal 1, Departure area B (NonSchengen), next to gate B22"
                   }
                },
                "OpeningHours":{
                   "OpeningHours":{
                      "@LanguageCode":"fr",
                      "$":"07:00-22:30"
                   }
                },
                "Features":{
                   "NonSmokingLounge":false,
                   "Restrooms":false,
                   "ShowerFacilities":false,
                   "RelaxingRooms":false,
                   "MeetingRooms":false,
                   "OfficeUnits":true,
                   "CopyMachine":true,
                   "FaxMachine":false,
                   "MAMPrinter":false,
                   "CreditCardTelephone":false,
                   "FreeLocalTelephoneCalls":false,
                   "PCWithInternetAccess":false,
                   "DataPortForLaptops":false,
                   "WLANFacility":true,
                   "TV":true
                },
                "MagazinesAndNews":{
                   "German":false,
                   "International":false,
                   "Local":false
                }
             },
             {
                "Names":{
                   "Name":{
                      "@LanguageCode":"en",
                      "$":"Lufthansa Business Class Lounge"
                   }
                },
                "AirportCode":"FRA",
                "CityCode":"FRA",
                "Locations":{
                   "Location":{
                      "@LanguageCode":"en",
                      "$":"Terminal 1, Concourse C (NonSchengen), Departure Level, above gate C16"
                   }
                },
                "OpeningHours":{
                   "OpeningHours":{
                      "@LanguageCode":"en",
                      "$":"5:00 am - 10:00 pm"
                   }
                },
                "Features":{
                   "NonSmokingLounge":false,
                   "Restrooms":false,
                   "ShowerFacilities":false,
                   "RelaxingRooms":false,
                   "MeetingRooms":false,
                   "OfficeUnits":true,
                   "CopyMachine":false,
                   "FaxMachine":false,
                   "MAMPrinter":false,
                   "CreditCardTelephone":false,
                   "FreeLocalTelephoneCalls":false,
                   "PCWithInternetAccess":false,
                   "DataPortForLaptops":false,
                   "WLANFacility":true,
                   "TV":true
                },
                "MagazinesAndNews":{
                   "German":false,
                   "International":false,
                   "Local":false
                }
             },
             {
                "Names":{
                   "Name":{
                      "@LanguageCode":"en",
                      "$":"Lufthansa Senator Lounge"
                   }
                },
                "AirportCode":"FRA",
                "CityCode":"FRA",
                "Locations":{
                   "Location":{
                      "@LanguageCode":"en",
                      "$":"Terminal 1, Departure area B (NonSchengen), next to Gate B43"
                   }
                },
                "Features":{
                   "NonSmokingLounge":false,
                   "Restrooms":false,
                   "ShowerFacilities":true,
                   "RelaxingRooms":false,
                   "MeetingRooms":false,
                   "OfficeUnits":true,
                   "CopyMachine":true,
                   "FaxMachine":false,
                   "MAMPrinter":false,
                   "CreditCardTelephone":false,
                   "FreeLocalTelephoneCalls":false,
                   "PCWithInternetAccess":false,
                   "DataPortForLaptops":false,
                   "WLANFacility":true,
                   "TV":true
                },
                "MagazinesAndNews":{
                   "German":false,
                   "International":false,
                   "Local":false
                }
             },
             {
                "Names":{
                   "Name":{
                      "@LanguageCode":"en",
                      "$":"Lufthansa Senator Lounge"
                   }
                },
                "AirportCode":"FRA",
                "CityCode":"FRA",
                "Locations":{
                   "Location":{
                      "@LanguageCode":"en",
                      "$":"Terminal 1, Departure area Z (NonSchengen)  opposite to Duty Free Shop, in direction of gate Z50"
                   }
                },
                "OpeningHours":{
                   "OpeningHours":{
                      "@LanguageCode":"en",
                      "$":"5:00 am - 10:00 pm"
                   }
                },
                "Features":{
                   "NonSmokingLounge":false,
                   "Restrooms":false,
                   "ShowerFacilities":true,
                   "RelaxingRooms":false,
                   "MeetingRooms":false,
                   "OfficeUnits":true,
                   "CopyMachine":true,
                   "FaxMachine":false,
                   "MAMPrinter":false,
                   "CreditCardTelephone":false,
                   "FreeLocalTelephoneCalls":false,
                   "PCWithInternetAccess":false,
                   "DataPortForLaptops":false,
                   "WLANFacility":true,
                   "TV":true
                },
                "MagazinesAndNews":{
                   "German":false,
                   "International":false,
                   "Local":false
                }
             },
             {
                "Names":{
                   "Name":{
                      "@LanguageCode":"en",
                      "$":"Lufthansa Business Class Lounge"
                   }
                },
                "AirportCode":"FRA",
                "CityCode":"FRA",
                "Locations":{
                   "Location":{
                      "@LanguageCode":"en",
                      "$":"Terminal 1, Departure area A (Schengen), across from Gate A26"
                   }
                },
                "OpeningHours":{
                   "OpeningHours":{
                      "@LanguageCode":"en",
                      "$":"5:00 am - 10:00 pm"
                   }
                },
                "Features":{
                   "NonSmokingLounge":false,
                   "Restrooms":false,
                   "ShowerFacilities":false,
                   "RelaxingRooms":false,
                   "MeetingRooms":false,
                   "OfficeUnits":false,
                   "CopyMachine":true,
                   "FaxMachine":false,
                   "MAMPrinter":false,
                   "CreditCardTelephone":false,
                   "FreeLocalTelephoneCalls":false,
                   "PCWithInternetAccess":false,
                   "DataPortForLaptops":false,
                   "WLANFacility":true,
                   "TV":true
                },
                "MagazinesAndNews":{
                   "German":false,
                   "International":false,
                   "Local":false
                }
             },
             {
                "Names":{
                   "Name":{
                      "@LanguageCode":"en",
                      "$":"Lufthansa First Class Terminal"
                   }
                },
                "AirportCode":"FRA",
                "CityCode":"FRA",
                "Locations":{
                   "Location":{
                      "@LanguageCode":"en",
                      "$":"First Class Terminal, Arriving by car follow the signs to Departures of Terminal 1. Before you reach Terminal 1 turn right"
                   }
                },
                "OpeningHours":{
                   "OpeningHours":{
                      "@LanguageCode":"en",
                      "$":"5:30 am - 10:00 pm"
                   }
                },
                "Features":{
                   "NonSmokingLounge":false,
                   "Restrooms":false,
                   "ShowerFacilities":false,
                   "RelaxingRooms":false,
                   "MeetingRooms":false,
                   "OfficeUnits":true,
                   "CopyMachine":true,
                   "FaxMachine":false,
                   "MAMPrinter":false,
                   "CreditCardTelephone":false,
                   "FreeLocalTelephoneCalls":false,
                   "PCWithInternetAccess":false,
                   "DataPortForLaptops":false,
                   "WLANFacility":true,
                   "TV":true
                },
                "MagazinesAndNews":{
                   "German":false,
                   "International":false,
                   "Local":false
                }
             }
          ]
       },
       "Meta":{
          "@Version":"1.0.0",
          "Link":[
             {
                "@Href":"https://api.lufthansa.com/v1/offers/lounges/FRA?lang=fr",
                "@Rel":"self"
             },
             {
                "@Href":"https://api.lufthansa.com/v1/references/airports/{airportCode}",
                "@Rel":"related"
             },
             {
                "@Href":"https://api.lufthansa.com/v1/references/cities/FRA",
                "@Rel":"related"
             }
          ]
       }
    }
 }