{
    "FlightInformation":{
       "Flights":{
          "Flight":{
             "Departure":{
                "AirportCode":"JFK",
                "Scheduled":{
                   "Date":"2023-03-02",
                   "Time":"15:55"
                },
                "Actual":{
                   "Date":"2023-03-02",
                   "Time":"15:54"
                },
                "Terminal":{
                   "Name":"1",
                   "Gate":"007"
                },
                "Status":{
                   "Code":"DP",
                   "Description":"Flight Departed"
                }
             },
             "Arrival":{
                "AirportCode":"FRA",
                "Scheduled":{
                   "Date":"2023-03-03",
                   "Time":"05:15"
                },
                "Actual":{
                   "Date":"2023-03-03",
                   "Time":"05:11"
                },
                "Terminal":{
                   "Name":"1",
                   "Gate":"Z58"
                },
                "Status":{
                   "Code":"LD",
                   "Description":"Flight Landed"
                }
             },
             "MarketingCarrierList":{
                "MarketingCarrier":[
                   {
                      "AirlineID":"UA",
                      "FlightNumber":"8840"
                   },
                   {
                      "AirlineID":"SN",
                      "FlightNumber":"7231"
                   },
                   {
                      "AirlineID":"TG",
                      "FlightNumber":"7713"
                   }
                ]
             },
             "OperatingCarrier":{
                "AirlineID":"LH",
                "FlightNumber":"401"
             },
             "Equipment":{
                "AircraftCode":"744"
             },
             "Status":{
                "Code":"LD",
                "Description":"Flight Landed"
             }
          }
       },
       "Meta":{
          "@Version":"1.0.0",
          "Link":[
             {
                "@Href":"https://api.lufthansa.com/v1/operations/customerflightinformation/LH401/2023-03-02",
                "@Rel":"self"
             },
             {
                "@Href":"https://api.lufthansa.com/v1/mds-references/airports/{airportCode}",
                "@Rel":"related"
             }
          ]
       }
    }
 }