{
    "FlightInformation":{
       "Flights":{
          "Flight":[
             {
                "Departure":{
                   "AirportCode":"JFK",
                   "Scheduled":{
                      "Date":"2023-03-02",
                      "Time":"15:55"
                   },
                   "Actual":{
                      "Date":"2023-03-02",
                      "Time":"15:54"
                   },
                   "Terminal":{
                      "Name":"1",
                      "Gate":"007"
                   },
                   "Status":{
                      "Code":"DP",
                      "Description":"Flight Departed"
                   }
                },
                "Arrival":{
                   "AirportCode":"FRA",
                   "Scheduled":{
                      "Date":"2023-03-03",
                      "Time":"05:15"
                   },
                   "Actual":{
                      "Date":"2023-03-03",
                      "Time":"05:11"
                   },
                   "Terminal":{
                      "Name":"1",
                      "Gate":"Z58"
                   },
                   "Status":{
                      "Code":"LD",
                      "Description":"Flight Landed"
                   }
                },
                "MarketingCarrierList":{
                   "MarketingCarrier":[
                      {
                         "AirlineID":"UA",
                         "FlightNumber":"8840"
                      },
                      {
                         "AirlineID":"SN",
                         "FlightNumber":"7231"
                      },
                      {
                         "AirlineID":"TG",
                         "FlightNumber":"7713"
                      }
                   ]
                },
                "OperatingCarrier":{
                   "AirlineID":"LH",
                   "FlightNumber":"401"
                },
                "Equipment":{
                   "AircraftCode":"744"
                },
                "Status":{
                   "Code":"LD",
                   "Description":"Flight Landed"
                }
             },
             {
                "Departure":{
                   "AirportCode":"JFK",
                   "Scheduled":{
                      "Date":"2023-03-02",
                      "Time":"16:35"
                   },
                   "Actual":{
                      "Date":"2023-03-02",
                      "Time":"16:32"
                   },
                   "Terminal":{
                      "Name":"1",
                      "Gate":"010"
                   },
                   "Status":{
                      "Code":"DP",
                      "Description":"Flight Departed"
                   }
                },
                "Arrival":{
                   "AirportCode":"ZRH",
                   "Scheduled":{
                      "Date":"2023-03-03",
                      "Time":"06:15"
                   },
                   "Actual":{
                      "Date":"2023-03-03",
                      "Time":"06:21"
                   },
                   "Status":{
                      "Code":"LD",
                      "Description":"Flight Landed"
                   }
                },
                "MarketingCarrierList":{
                   "MarketingCarrier":{
                      "AirlineID":"UA",
                      "FlightNumber":"9717"
                   }
                },
                "OperatingCarrier":{
                   "AirlineID":"LX",
                   "FlightNumber":"017"
                },
                "Equipment":{
                   "AircraftCode":"333"
                },
                "Status":{
                   "Code":"LD",
                   "Description":"Flight Landed"
                }
             },
             {
                "Departure":{
                   "AirportCode":"JFK",
                   "Scheduled":{
                      "Date":"2023-03-02",
                      "Time":"17:30"
                   },
                   "Actual":{
                      "Date":"2023-03-02",
                      "Time":"17:27"
                   },
                   "Terminal":{
                      "Name":"1",
                      "Gate":"002"
                   },
                   "Status":{
                      "Code":"DP",
                      "Description":"Flight Departed"
                   }
                },
                "Arrival":{
                   "AirportCode":"MUC",
                   "Scheduled":{
                      "Date":"2023-03-03",
                      "Time":"07:10"
                   },
                   "Actual":{
                      "Date":"2023-03-03",
                      "Time":"07:33"
                   },
                   "Terminal":{
                      "Name":"2",
                      "Gate":"L26"
                   },
                   "Status":{
                      "Code":"LD",
                      "Description":"Flight Landed"
                   }
                },
                "MarketingCarrierList":{
                   "MarketingCarrier":[
                      {
                         "AirlineID":"UA",
                         "FlightNumber":"8870"
                      },
                      {
                         "AirlineID":"SN",
                         "FlightNumber":"7235"
                      }
                   ]
                },
                "OperatingCarrier":{
                   "AirlineID":"LH",
                   "FlightNumber":"411"
                },
                "Equipment":{
                   "AircraftCode":"346"
                },
                "Status":{
                   "Code":"LD",
                   "Description":"Flight Landed"
                }
             },
             {
                "Departure":{
                   "AirportCode":"JFK",
                   "Scheduled":{
                      "Date":"2023-03-02",
                      "Time":"18:10"
                   },
                   "Actual":{
                      "Date":"2023-03-02",
                      "Time":"17:59"
                   },
                   "Terminal":{
                      "Name":"1",
                      "Gate":"001"
                   },
                   "Status":{
                      "Code":"DP",
                      "Description":"Flight Departed"
                   }
                },
                "Arrival":{
                   "AirportCode":"VIE",
                   "Scheduled":{
                      "Date":"2023-03-03",
                      "Time":"08:25"
                   },
                   "Actual":{
                      "Date":"2023-03-03",
                      "Time":"09:02"
                   },
                   "Terminal":{
                      "Name":"3"
                   },
                   "Status":{
                      "Code":"LD",
                      "Description":"Flight Landed"
                   }
                },
                "MarketingCarrierList":{
                   "MarketingCarrier":{
                      "AirlineID":"UA",
                      "FlightNumber":"9820"
                   }
                },
                "OperatingCarrier":{
                   "AirlineID":"OS",
                   "FlightNumber":"088"
                },
                "Equipment":{
                   "AircraftCode":"76W"
                },
                "Status":{
                   "Code":"LD",
                   "Description":"Flight Landed"
                }
             },
             {
                "Departure":{
                   "AirportCode":"JFK",
                   "Scheduled":{
                      "Date":"2023-03-02",
                      "Time":"18:25"
                   },
                   "Actual":{
                      "Date":"2023-03-02",
                      "Time":"18:47"
                   },
                   "Terminal":{
                      "Name":"1"
                   },
                   "Status":{
                      "Code":"DP",
                      "Description":"Flight Departed"
                   }
                },
                "Arrival":{
                   "AirportCode":"BRU",
                   "Scheduled":{
                      "Date":"2023-03-03",
                      "Time":"07:40"
                   },
                   "Actual":{
                      "Date":"2023-03-03",
                      "Time":"08:12"
                   },
                   "Status":{
                      "Code":"LD",
                      "Description":"Flight Landed"
                   }
                },
                "MarketingCarrierList":{
                   "MarketingCarrier":[
                      {
                         "AirlineID":"LH",
                         "FlightNumber":"5621"
                      },
                      {
                         "AirlineID":"UA",
                         "FlightNumber":"9928"
                      }
                   ]
                },
                "OperatingCarrier":{
                   "AirlineID":"SN",
                   "FlightNumber":"502"
                },
                "Equipment":{
                   "AircraftCode":"333"
                },
                "Status":{
                   "Code":"LD",
                   "Description":"Flight Landed"
                }
             }
          ]
       },
       "Meta":{
          "@Version":"1.0.0",
          "Link":[
             {
                "@Href":"https://api.lufthansa.com/v1/operations/customerflightinformation/departures/JFK/2023-03-02T15:00",
                "@Rel":"self"
             },
             {
                "@Href":"https://api.lufthansa.com/v1/operations/customerflightinformation/departures/JFK/2023-03-02T11:00?offset=0&limit=20",
                "@Rel":"previousRange"
             },
             {
                "@Href":"https://api.lufthansa.com/v1/operations/customerflightinformation/departures/JFK/2023-03-02T19:00?offset=0&limit=20",
                "@Rel":"nextRange"
             },
             {
                "@Href":"https://api.lufthansa.com/v1/mds-references/airports/{airportCode}",
                "@Rel":"related"
             }
          ],
          "TotalCount":5
       }
    }
 }