{
    "FlightStatusResource":{
       "Flights":{
          "Flight":[
             {
                "Departure":{
                   "AirportCode":"JFK",
                   "ScheduledTimeLocal":{
                      "DateTime":"2023-03-02T15:55"
                   },
                   "ScheduledTimeUTC":{
                      "DateTime":"2023-03-02T20:55Z"
                   },
                   "ActualTimeLocal":{
                      "DateTime":"2023-03-02T15:54"
                   },
                   "ActualTimeUTC":{
                      "DateTime":"2023-03-02T20:54Z"
                   },
                   "TimeStatus":{
                      "Code":"FE",
                      "Definition":"Flight Early"
                   },
                   "Terminal":{
                      "Name":"1",
                      "Gate":"007"
                   }
                },
                "Arrival":{
                   "AirportCode":"FRA",
                   "ScheduledTimeLocal":{
                      "DateTime":"2023-03-03T05:15"
                   },
                   "ScheduledTimeUTC":{
                      "DateTime":"2023-03-03T04:15Z"
                   },
                   "ActualTimeLocal":{
                      "DateTime":"2023-03-03T05:11"
                   },
                   "ActualTimeUTC":{
                      "DateTime":"2023-03-03T04:11Z"
                   },
                   "TimeStatus":{
                      "Code":"FE",
                      "Definition":"Flight Early"
                   },
                   "Terminal":{
                      "Name":"1",
                      "Gate":"Z58"
                   }
                },
                "MarketingCarrier":{
                   "AirlineID":"LH",
                   "FlightNumber":"401"
                },
                "OperatingCarrier":{
                   "AirlineID":"LH",
                   "FlightNumber":"401"
                },
                "Equipment":{
                   "AircraftCode":"744",
                   "AircraftRegistration":"DABTL"
                },
                "FlightStatus":{
                   "Code":"LD",
                   "Definition":"Flight Landed"
                },
                "ServiceType":"Passenger"
             },
             {
                "Departure":{
                   "AirportCode":"JFK",
                   "ScheduledTimeLocal":{
                      "DateTime":"2023-03-02T16:25"
                   },
                   "ScheduledTimeUTC":{
                      "DateTime":"2023-03-02T21:25Z"
                   },
                   "ActualTimeLocal":{
                      "DateTime":"2023-03-02T16:25"
                   },
                   "ActualTimeUTC":{
                      "DateTime":"2023-03-02T21:25Z"
                   },
                   "TimeStatus":{
                      "Code":"OT",
                      "Definition":"Flight On Time"
                   },
                   "Terminal":{
                      "Name":"7"
                   }
                },
                "Arrival":{
                   "AirportCode":"FRA",
                   "ScheduledTimeLocal":{
                      "DateTime":"2023-03-03T05:45"
                   },
                   "ScheduledTimeUTC":{
                      "DateTime":"2023-03-03T04:45Z"
                   },
                   "ActualTimeLocal":{
                      "DateTime":"2023-03-03T06:06"
                   },
                   "ActualTimeUTC":{
                      "DateTime":"2023-03-03T05:06Z"
                   },
                   "TimeStatus":{
                      "Code":"DL",
                      "Definition":"Flight Delayed"
                   },
                   "Terminal":{
                      "Name":"1",
                      "Gate":"B44"
                   }
                },
                "MarketingCarrier":{
                   "AirlineID":"DE",
                   "FlightNumber":"2017"
                },
                "OperatingCarrier":{
                   "AirlineID":"DE",
                   "FlightNumber":"2017"
                },
                "Equipment":{
                   "AircraftCode":"332",
                   "AircraftRegistration":"DAIYD"
                },
                "FlightStatus":{
                   "Code":"LD",
                   "Definition":"Flight Landed"
                },
                "ServiceType":"Passenger"
             },
             {
                "Departure":{
                   "AirportCode":"JFK",
                   "ScheduledTimeLocal":{
                      "DateTime":"2023-03-02T20:15"
                   },
                   "ScheduledTimeUTC":{
                      "DateTime":"2023-03-03T01:15Z"
                   },
                   "TimeStatus":{
                      "Code":"OT",
                      "Definition":"Flight On Time"
                   },
                   "Terminal":{
                      "Name":"4",
                      "Gate":"010"
                   }
                },
                "Arrival":{
                   "AirportCode":"FRA",
                   "ScheduledTimeLocal":{
                      "DateTime":"2023-03-03T09:50"
                   },
                   "ScheduledTimeUTC":{
                      "DateTime":"2023-03-03T08:50Z"
                   },
                   "ActualTimeLocal":{
                      "DateTime":"2023-03-03T10:53"
                   },
                   "ActualTimeUTC":{
                      "DateTime":"2023-03-03T09:53Z"
                   },
                   "TimeStatus":{
                      "Code":"DL",
                      "Definition":"Flight Delayed"
                   },
                   "Terminal":{
                      "Name":"1",
                      "Gate":"B46A"
                   }
                },
                "MarketingCarrier":{
                   "AirlineID":"SQ",
                   "FlightNumber":"025"
                },
                "OperatingCarrier":{
                   "AirlineID":"SQ",
                   "FlightNumber":"025"
                },
                "Equipment":{
                   "AircraftCode":"388",
                   "AircraftRegistration":"9VSKR"
                },
                "FlightStatus":{
                   "Code":"LD",
                   "Definition":"Flight Landed"
                },
                "ServiceType":"Passenger"
             }
          ]
       },
       "Meta":{
          "@Version":"1.0.0",
          "Link":[
             {
                "@Href":"https://api.lufthansa.com/v1/operations/flightstatus/route/JFK/FRA/2023-03-02?serviceType=passenger",
                "@Rel":"self"
             },
             {
                "@Href":"https://api.lufthansa.com/v1/mds-references/airports/{airportCode}",
                "@Rel":"related"
             }
          ],
          "TotalCount":3
       }
    }
 }