{
    "FlightStatusResource":{
       "Flights":{
          "Flight":[
             {
                "Departure":{
                   "AirportCode":"JFK",
                   "ScheduledTimeLocal":{
                      "DateTime":"2023-03-02T15:55"
                   },
                   "ScheduledTimeUTC":{
                      "DateTime":"2023-03-02T20:55Z"
                   },
                   "ActualTimeLocal":{
                      "DateTime":"2023-03-02T15:54"
                   },
                   "ActualTimeUTC":{
                      "DateTime":"2023-03-02T20:54Z"
                   },
                   "TimeStatus":{
                      "Code":"FE",
                      "Definition":"Flight Early"
                   },
                   "Terminal":{
                      "Name":"1",
                      "Gate":"007"
                   }
                },
                "Arrival":{
                   "AirportCode":"FRA",
                   "ScheduledTimeLocal":{
                      "DateTime":"2023-03-03T05:15"
                   },
                   "ScheduledTimeUTC":{
                      "DateTime":"2023-03-03T04:15Z"
                   },
                   "ActualTimeLocal":{
                      "DateTime":"2023-03-03T05:11"
                   },
                   "ActualTimeUTC":{
                      "DateTime":"2023-03-03T04:11Z"
                   },
                   "TimeStatus":{
                      "Code":"FE",
                      "Definition":"Flight Early"
                   },
                   "Terminal":{
                      "Name":"1",
                      "Gate":"Z58"
                   }
                },
                "MarketingCarrier":{
                   "AirlineID":"LH",
                   "FlightNumber":"401"
                },
                "OperatingCarrier":{
                   "AirlineID":"LH",
                   "FlightNumber":"401"
                },
                "Equipment":{
                   "AircraftCode":"744",
                   "AircraftRegistration":"DABTL"
                },
                "FlightStatus":{
                   "Code":"LD",
                   "Definition":"Flight Landed"
                },
                "ServiceType":"Passenger"
             },
             {
                "Departure":{
                   "AirportCode":"JFK",
                   "ScheduledTimeLocal":{
                      "DateTime":"2023-03-02T16:25"
                   },
                   "ScheduledTimeUTC":{
                      "DateTime":"2023-03-02T21:25Z"
                   },
                   "ActualTimeLocal":{
                      "DateTime":"2023-03-02T16:25"
                   },
                   "ActualTimeUTC":{
                      "DateTime":"2023-03-02T21:25Z"
                   },
                   "TimeStatus":{
                      "Code":"OT",
                      "Definition":"Flight On Time"
                   },
                   "Terminal":{
                      "Name":"7"
                   }
                },
                "Arrival":{
                   "AirportCode":"FRA",
                   "ScheduledTimeLocal":{
                      "DateTime":"2023-03-03T05:45"
                   },
                   "ScheduledTimeUTC":{
                      "DateTime":"2023-03-03T04:45Z"
                   },
                   "ActualTimeLocal":{
                      "DateTime":"2023-03-03T06:06"
                   },
                   "ActualTimeUTC":{
                      "DateTime":"2023-03-03T05:06Z"
                   },
                   "TimeStatus":{
                      "Code":"DL",
                      "Definition":"Flight Delayed"
                   },
                   "Terminal":{
                      "Name":"1",
                      "Gate":"B44"
                   }
                },
                "MarketingCarrier":{
                   "AirlineID":"DE",
                   "FlightNumber":"2017"
                },
                "OperatingCarrier":{
                   "AirlineID":"DE",
                   "FlightNumber":"2017"
                },
                "Equipment":{
                   "AircraftCode":"332",
                   "AircraftRegistration":"DAIYD"
                },
                "FlightStatus":{
                   "Code":"LD",
                   "Definition":"Flight Landed"
                },
                "ServiceType":"Passenger"
             },
             {
                "Departure":{
                   "AirportCode":"JFK",
                   "ScheduledTimeLocal":{
                      "DateTime":"2023-03-02T16:35"
                   },
                   "ScheduledTimeUTC":{
                      "DateTime":"2023-03-02T21:35Z"
                   },
                   "ActualTimeLocal":{
                      "DateTime":"2023-03-02T16:32"
                   },
                   "ActualTimeUTC":{
                      "DateTime":"2023-03-02T21:32Z"
                   },
                   "TimeStatus":{
                      "Code":"FE",
                      "Definition":"Flight Early"
                   },
                   "Terminal":{
                      "Name":"1",
                      "Gate":"010"
                   }
                },
                "Arrival":{
                   "AirportCode":"ZRH",
                   "ScheduledTimeLocal":{
                      "DateTime":"2023-03-03T06:15"
                   },
                   "ScheduledTimeUTC":{
                      "DateTime":"2023-03-03T05:15Z"
                   },
                   "ActualTimeLocal":{
                      "DateTime":"2023-03-03T06:21"
                   },
                   "ActualTimeUTC":{
                      "DateTime":"2023-03-03T05:21Z"
                   },
                   "TimeStatus":{
                      "Code":"OT",
                      "Definition":"Flight On Time"
                   }
                },
                "MarketingCarrier":{
                   "AirlineID":"LX",
                   "FlightNumber":"017"
                },
                "OperatingCarrier":{
                   "AirlineID":"LX",
                   "FlightNumber":"017"
                },
                "Equipment":{
                   "AircraftCode":"333",
                   "AircraftRegistration":"HBJHJ"
                },
                "FlightStatus":{
                   "Code":"LD",
                   "Definition":"Flight Landed"
                },
                "ServiceType":"Passenger"
             },
             {
                "Departure":{
                   "AirportCode":"JFK",
                   "ScheduledTimeLocal":{
                      "DateTime":"2023-03-02T17:30"
                   },
                   "ScheduledTimeUTC":{
                      "DateTime":"2023-03-02T22:30Z"
                   },
                   "ActualTimeLocal":{
                      "DateTime":"2023-03-02T17:27"
                   },
                   "ActualTimeUTC":{
                      "DateTime":"2023-03-02T22:27Z"
                   },
                   "TimeStatus":{
                      "Code":"FE",
                      "Definition":"Flight Early"
                   },
                   "Terminal":{
                      "Name":"1",
                      "Gate":"002"
                   }
                },
                "Arrival":{
                   "AirportCode":"MUC",
                   "ScheduledTimeLocal":{
                      "DateTime":"2023-03-03T07:10"
                   },
                   "ScheduledTimeUTC":{
                      "DateTime":"2023-03-03T06:10Z"
                   },
                   "ActualTimeLocal":{
                      "DateTime":"2023-03-03T07:33"
                   },
                   "ActualTimeUTC":{
                      "DateTime":"2023-03-03T06:33Z"
                   },
                   "TimeStatus":{
                      "Code":"DL",
                      "Definition":"Flight Delayed"
                   },
                   "Terminal":{
                      "Name":"2",
                      "Gate":"L26"
                   }
                },
                "MarketingCarrier":{
                   "AirlineID":"LH",
                   "FlightNumber":"411"
                },
                "OperatingCarrier":{
                   "AirlineID":"LH",
                   "FlightNumber":"411"
                },
                "Equipment":{
                   "AircraftCode":"346",
                   "AircraftRegistration":"DAIHV"
                },
                "FlightStatus":{
                   "Code":"LD",
                   "Definition":"Flight Landed"
                },
                "ServiceType":"Passenger"
             },
             {
                "Departure":{
                   "AirportCode":"JFK",
                   "ScheduledTimeLocal":{
                      "DateTime":"2023-03-02T17:35"
                   },
                   "ScheduledTimeUTC":{
                      "DateTime":"2023-03-02T22:35Z"
                   },
                   "TimeStatus":{
                      "Code":"OT",
                      "Definition":"Flight On Time"
                   },
                   "Terminal":{
                      "Name":"4"
                   }
                },
                "Arrival":{
                   "AirportCode":"GRU",
                   "ScheduledTimeLocal":{
                      "DateTime":"2023-03-03T05:20"
                   },
                   "ScheduledTimeUTC":{
                      "DateTime":"2023-03-03T08:20Z"
                   },
                   "TimeStatus":{
                      "Code":"OT",
                      "Definition":"Flight On Time"
                   },
                   "Terminal":{
                      "Name":"3"
                   }
                },
                "MarketingCarrier":{
                   "AirlineID":"LA",
                   "FlightNumber":"8181"
                },
                "OperatingCarrier":{
                   "AirlineID":"LA",
                   "FlightNumber":"8181"
                },
                "Equipment":{
                   "AircraftCode":"789"
                },
                "FlightStatus":{
                   "Code":"NA",
                   "Definition":"No status"
                },
                "ServiceType":"Passenger"
             },
             {
                "Departure":{
                   "AirportCode":"JFK",
                   "ScheduledTimeLocal":{
                      "DateTime":"2023-03-02T18:00"
                   },
                   "ScheduledTimeUTC":{
                      "DateTime":"2023-03-02T23:00Z"
                   },
                   "TimeStatus":{
                      "Code":"OT",
                      "Definition":"Flight On Time"
                   }
                },
                "Arrival":{
                   "AirportCode":"KWI",
                   "ScheduledTimeLocal":{
                      "DateTime":"2023-03-03T14:00"
                   },
                   "ScheduledTimeUTC":{
                      "DateTime":"2023-03-03T11:00Z"
                   },
                   "TimeStatus":{
                      "Code":"OT",
                      "Definition":"Flight On Time"
                   }
                },
                "MarketingCarrier":{
                   "AirlineID":"KU",
                   "FlightNumber":"118"
                },
                "OperatingCarrier":{
                   "AirlineID":"KU",
                   "FlightNumber":"118"
                },
                "Equipment":{
                   "AircraftCode":"777"
                },
                "FlightStatus":{
                   "Code":"NA",
                   "Definition":"No status"
                },
                "ServiceType":"Passenger"
             },
             {
                "Departure":{
                   "AirportCode":"JFK",
                   "ScheduledTimeLocal":{
                      "DateTime":"2023-03-02T18:10"
                   },
                   "ScheduledTimeUTC":{
                      "DateTime":"2023-03-02T23:10Z"
                   },
                   "ActualTimeLocal":{
                      "DateTime":"2023-03-02T17:59"
                   },
                   "ActualTimeUTC":{
                      "DateTime":"2023-03-02T22:59Z"
                   },
                   "TimeStatus":{
                      "Code":"FE",
                      "Definition":"Flight Early"
                   },
                   "Terminal":{
                      "Name":"1",
                      "Gate":"001"
                   }
                },
                "Arrival":{
                   "AirportCode":"VIE",
                   "ScheduledTimeLocal":{
                      "DateTime":"2023-03-03T08:25"
                   },
                   "ScheduledTimeUTC":{
                      "DateTime":"2023-03-03T07:25Z"
                   },
                   "ActualTimeLocal":{
                      "DateTime":"2023-03-03T09:02"
                   },
                   "ActualTimeUTC":{
                      "DateTime":"2023-03-03T08:02Z"
                   },
                   "TimeStatus":{
                      "Code":"DL",
                      "Definition":"Flight Delayed"
                   },
                   "Terminal":{
                      "Name":"3"
                   }
                },
                "MarketingCarrier":{
                   "AirlineID":"OS",
                   "FlightNumber":"088"
                },
                "OperatingCarrier":{
                   "AirlineID":"OS",
                   "FlightNumber":"088"
                },
                "Equipment":{
                   "AircraftCode":"76W",
                   "AircraftRegistration":"OELAZ"
                },
                "FlightStatus":{
                   "Code":"LD",
                   "Definition":"Flight Landed"
                },
                "ServiceType":"Passenger"
             },
             {
                "Departure":{
                   "AirportCode":"JFK",
                   "ScheduledTimeLocal":{
                      "DateTime":"2023-03-02T18:25"
                   },
                   "ScheduledTimeUTC":{
                      "DateTime":"2023-03-02T23:25Z"
                   },
                   "TimeStatus":{
                      "Code":"OT",
                      "Definition":"Flight On Time"
                   },
                   "Terminal":{
                      "Name":"4"
                   }
                },
                "Arrival":{
                   "AirportCode":"SCL",
                   "ScheduledTimeLocal":{
                      "DateTime":"2023-03-03T07:00"
                   },
                   "ScheduledTimeUTC":{
                      "DateTime":"2023-03-03T10:00Z"
                   },
                   "TimeStatus":{
                      "Code":"OT",
                      "Definition":"Flight On Time"
                   },
                   "Terminal":{
                      "Name":"2"
                   }
                },
                "MarketingCarrier":{
                   "AirlineID":"LA",
                   "FlightNumber":"533"
                },
                "OperatingCarrier":{
                   "AirlineID":"LA",
                   "FlightNumber":"533"
                },
                "Equipment":{
                   "AircraftCode":"788"
                },
                "FlightStatus":{
                   "Code":"NA",
                   "Definition":"No status"
                },
                "ServiceType":"Passenger"
             },
             {
                "Departure":{
                   "AirportCode":"JFK",
                   "ScheduledTimeLocal":{
                      "DateTime":"2023-03-02T18:25"
                   },
                   "ScheduledTimeUTC":{
                      "DateTime":"2023-03-02T23:25Z"
                   },
                   "ActualTimeLocal":{
                      "DateTime":"2023-03-02T18:47"
                   },
                   "ActualTimeUTC":{
                      "DateTime":"2023-03-02T23:47Z"
                   },
                   "TimeStatus":{
                      "Code":"DL",
                      "Definition":"Flight Delayed"
                   },
                   "Terminal":{
                      "Name":"1"
                   }
                },
                "Arrival":{
                   "AirportCode":"BRU",
                   "ScheduledTimeLocal":{
                      "DateTime":"2023-03-03T07:40"
                   },
                   "ScheduledTimeUTC":{
                      "DateTime":"2023-03-03T06:40Z"
                   },
                   "ActualTimeLocal":{
                      "DateTime":"2023-03-03T08:12"
                   },
                   "ActualTimeUTC":{
                      "DateTime":"2023-03-03T07:12Z"
                   },
                   "TimeStatus":{
                      "Code":"DL",
                      "Definition":"Flight Delayed"
                   }
                },
                "MarketingCarrier":{
                   "AirlineID":"SN",
                   "FlightNumber":"502"
                },
                "OperatingCarrier":{
                   "AirlineID":"SN",
                   "FlightNumber":"502"
                },
                "Equipment":{
                   "AircraftCode":"333",
                   "AircraftRegistration":"OOSFD"
                },
                "FlightStatus":{
                   "Code":"LD",
                   "Definition":"Flight Landed"
                },
                "ServiceType":"Passenger"
             }
          ]
       },
       "Meta":{
          "@Version":"1.0.0",
          "Link":[
             {
                "@Href":"https://api.lufthansa.com/v1/operations/flightstatus/departures/JFK/2023-03-02T15:00?serviceType=passenger&limit=100&offset=0",
                "@Rel":"self"
             },
             {
                "@Href":"https://api.lufthansa.com/v1/operations/flightstatus/departures/JFK/2023-03-02T11:00?serviceType=passenger&limit=50&offset=0",
                "@Rel":"previousRange"
             },
             {
                "@Href":"https://api.lufthansa.com/v1/operations/flightstatus/departures/JFK/2023-03-02T19:00?serviceType=passenger&limit=50&offset=0",
                "@Rel":"nextRange"
             },
             {
                "@Href":"https://api.lufthansa.com/v1/mds-references/airports/{airportCode}",
                "@Rel":"related"
             }
          ],
          "TotalCount":9
       }
    }
 }