{
    "AirportResource":{
       "Airports":{
          "Airport":{
             "AirportCode":"TXL",
             "Position":{
                "Coordinate":{
                   "Latitude":52.5597,
                   "Longitude":13.2878
                }
             },
             "CityCode":"BER",
             "CountryCode":"DE",
             "LocationType":"Airport",
             "Names":{
                "Name":{
                   "@LanguageCode":"FR",
                   "$":"Berlin/Tegel"
                }
             },
             "UtcOffset":"+01: 00",
             "TimeZoneId":"Europe/Berlin"
          }
       },
       "Meta":{
          "@Version":"1.0.0",
          "Link":[
             {
                "@Href":"https: //api.lufthansa.com/v1/mds-references/airports/TXL?lang=fr&limit=100&offset=0&LHoperated=0",
                "@Rel":"self"
             },
             {
                "@Href":"https://api.lufthansa.com/v1/mds-references/cities/BER",
                "@Rel":"related"
             },
             {
                "@Href":"https://api.lufthansa.com/v1/mds-references/countries/DE",
                "@Rel":"related"
             },
             {
                "@Href":"http://travelguide.lufthansa.com/de/fr/{cityCode}/TXL",
                "@Rel":"alternate"
             }
          ]
       }
    }
 }