{
    "CityResource":{
       "Cities":{
          "City":{
             "CityCode":"BER",
             "CountryCode":"DE",
             "Names":{
                "Name":{
                   "@LanguageCode":"FR",
                   "$":"Berlin"
                }
             },
             "UtcOffset":"+01: 00",
             "TimeZoneId":"Europe/Berlin",
             "Airports":{
                "AirportCode":[
                   "BER",
                   "GWW",
                   "QPP",
                   "QWB",
                   "QWC",
                   "QWE",
                   "SXF",
                   "THF",
                   "TXL"
                ]
             }
          }
       },
       "Meta":{
          "@Version":"1.0.0",
          "Link":[
             {
                "@Href":"https: //api.lufthansa.com/v1/mds-references/cities/BER?lang=fr&limit=100&offset=0",
                "@Rel":"self"
             },
             {
                "@Href":"https://api.lufthansa.com/v1/mds-references/countries/DE",
                "@Rel":"related"
             },
             {
                "@Href":"http://travelguide.lufthansa.com/de/fr/berlin/",
                "@Rel":"alternate"
             }
          ]
       }
    }
 }