{
    "NearestAirportResource":{
       "Airports":{
          "Airport":[
             {
                "AirportCode":"LCY",
                "Position":{
                   "Coordinate":{
                      "Latitude":51.505,
                      "Longitude":0.0542
                   }
                },
                "CityCode":"LON",
                "CountryCode":"GB",
                "LocationType":"Airport",
                "Names":{
                   "Name":{
                      "@LanguageCode":"EN",
                      "$":"London City"
                   }
                },
                "Distance":{
                   "Value":13,
                   "UOM":"KM"
                }
             },
             {
                "AirportCode":"LHR",
                "Position":{
                   "Coordinate":{
                      "Latitude":51.4775,
                      "Longitude":-0.4614
                   }
                },
                "CityCode":"LON",
                "CountryCode":"GB",
                "LocationType":"Airport",
                "Names":{
                   "Name":{
                      "@LanguageCode":"EN",
                      "$":"London Heathrow"
                   }
                },
                "Distance":{
                   "Value":22,
                   "UOM":"KM"
                }
             },
             {
                "AirportCode":"LGW",
                "Position":{
                   "Coordinate":{
                      "Latitude":51.1481,
                      "Longitude":-0.1903
                   }
                },
                "CityCode":"LON",
                "CountryCode":"GB",
                "LocationType":"Airport",
                "Names":{
                   "Name":{
                      "@LanguageCode":"EN",
                      "$":"London Gatwick"
                   }
                },
                "Distance":{
                   "Value":39,
                   "UOM":"KM"
                }
             },
             {
                "AirportCode":"STN",
                "Position":{
                   "Coordinate":{
                      "Latitude":51.885,
                      "Longitude":0.235
                   }
                },
                "CityCode":"LON",
                "CountryCode":"GB",
                "LocationType":"Airport",
                "Names":{
                   "Name":{
                      "@LanguageCode":"EN",
                      "$":"London Stansted"
                   }
                },
                "Distance":{
                   "Value":50,
                   "UOM":"KM"
                }
             },
             {
                "AirportCode":"SOU",
                "Position":{
                   "Coordinate":{
                      "Latitude":50.9503,
                      "Longitude":-1.3567
                   }
                },
                "CityCode":"SOU",
                "CountryCode":"GB",
                "LocationType":"Airport",
                "Names":{
                   "Name":{
                      "@LanguageCode":"EN",
                      "$":"Southampton"
                   }
                },
                "Distance":{
                   "Value":104,
                   "UOM":"KM"
                }
             }
          ]
       },
       "Meta":{
          "@Version":"1.0.0",
          "Link":[
             {
                "@Href":"https: //api.lufthansa.com/v1/mds-references/airports/nearest/51.5,-0.142?lang=fr",
                "@Rel":"self"
             },
             {
                "@Href":"https://api.lufthansa.com/v1/mds-references/cities/{cityCode}",
                "@Rel":"related"
             },
             {
                "@Href":"https://api.lufthansa.com/v1/mds-references/countries/{countryCode}",
                "@Rel":"related"
             }
          ]
       }
    }
 }